City_ID,City,Country,Date,Lat,Lng,Max Temp,Humidity,Cloudiness
0,Marinette,US,2021-06-07 05:31:59,45.1,-87.6307,73.49,68,1
1,Ushuaia,AR,2021-06-07 05:31:32,-54.8,-68.3,44.26,61,40
2,Los Llanos De Aridane,ES,2021-06-07 05:32:08,28.6585,-17.9182,64.15,82,90
3,Albany,US,2021-06-07 05:30:01,42.6001,-73.9662,70.79,81,11
4,Kapaa,US,2021-06-07 05:32:08,22.0752,-159.319,82.38,77,75
5,Hilo,US,2021-06-07 05:32:08,19.7297,-155.09,75.27,84,90
6,Canutama,BR,2021-06-07 05:32:09,-6.5339,-64.3831,72.23,99,100
7,Punta Arenas,CL,2021-06-07 05:32:09,-53.15,-70.9167,37.51,81,0
8,Waipawa,NZ,2021-06-07 05:32:09,-41.4122,175.5153,54.03,86,94
9,Shelburne,CA,2021-06-07 05:32:09,44.0787,-80.2041,70.12,53,21
10,Avarua,CK,2021-06-07 05:32:10,-21.2078,-159.775,68.05,83,94
11,Porto Novo,BJ,2021-06-07 05:32:10,6.4965,2.6036,80.42,88,69
12,Kununurra,AU,2021-06-07 05:32:10,-15.7667,128.7333,87.78,18,15
13,Igrim,RU,2021-06-07 05:32:10,63.1906,64.4162,52.74,34,76
14,Petropavlovsk-Kamchatskiy,RU,2021-06-07 05:31:03,53.0452,158.6483,46.99,87,75
15,Thompson,CA,2021-06-07 05:32:11,55.7435,-97.8558,50.16,87,75
16,Hami,CN,2021-06-07 05:28:11,42.8,93.45,79.93,10,2
17,Champerico,GT,2021-06-07 05:32:11,14.3,-91.9167,82.35,78,27
18,Boa Vista,BR,2021-06-07 05:32:11,2.8197,-60.6733,80.58,78,75
19,Katsuura,JP,2021-06-07 05:32:11,35.1333,140.3,75.31,67,99
20,Saint-Philippe,RE,2021-06-07 05:32:12,-21.3585,55.7679,74.75,81,97
21,Esperance,AU,2021-06-07 05:32:12,-33.8667,121.9,60.64,66,84
22,Qaanaaq,GL,2021-06-07 05:32:12,77.484,-69.3632,38.19,72,34
23,Kamenka,RU,2021-06-07 05:32:12,51.3223,42.7678,65.28,72,88
24,Bengkulu,ID,2021-06-07 05:32:13,-3.8004,102.2655,83.98,65,67
25,Yerbogachen,RU,2021-06-07 05:32:13,61.2767,108.0108,51.51,53,80
26,Vatne,NO,2021-06-07 05:32:13,62.5667,6.65,54.59,88,24
27,Butaritari,KI,2021-06-07 05:32:13,3.0707,172.7902,81.82,75,38
28,Cabo San Lucas,MX,2021-06-07 05:32:14,22.8909,-109.9124,84.4,65,33
29,Grand Bank,CA,2021-06-07 05:32:14,47.0999,-55.765,44.65,77,100
30,La Orilla,MX,2021-06-07 05:32:14,17.9833,-102.2333,80.33,80,98
31,Bay City,US,2021-06-07 05:29:47,43.5945,-83.8889,78.8,59,20
32,Bluff,NZ,2021-06-07 05:32:14,-46.6,168.3333,49.8,77,9
33,Rio Gallegos,AR,2021-06-07 05:32:15,-51.6226,-69.2181,35.65,93,0
34,Arraial Do Cabo,BR,2021-06-07 05:29:18,-22.9661,-42.0278,71.76,86,18
35,Airai,TL,2021-06-07 05:32:15,-8.9266,125.4092,73.38,49,91
36,Carnarvon,AU,2021-06-07 05:32:15,-24.8667,113.6333,78.87,47,100
37,Samarai,PG,2021-06-07 05:32:16,-10.6167,150.6667,76.8,92,100
38,Dzaoudzi,YT,2021-06-07 05:32:16,-12.7887,45.2699,80.49,74,75
39,Khatanga,RU,2021-06-07 05:32:16,71.9667,102.5,39.11,59,98
40,Talnakh,RU,2021-06-07 05:32:16,69.4865,88.3972,33.19,93,100
41,Castro,BR,2021-06-07 05:32:17,-24.7911,-50.0119,57.27,91,99
42,Broken Hill,AU,2021-06-07 05:32:17,-31.95,141.4333,64.11,36,76
43,Coxim,BR,2021-06-07 05:32:17,-18.5067,-54.76,69.73,58,15
44,Hermanus,ZA,2021-06-07 05:32:17,-34.4187,19.2345,61.81,50,13
45,Corn Island,NI,2021-06-07 05:32:18,12.1694,-83.0418,82.36,80,72
46,Luderitz,NA,2021-06-07 05:32:18,-26.6481,15.1594,64.42,37,13
47,Nobres,BR,2021-06-07 05:32:18,-14.7203,-56.3275,71.24,61,68
48,Kavaratti,IN,2021-06-07 05:32:18,10.5669,72.642,83.03,75,97
49,Lavrentiya,RU,2021-06-07 05:32:19,65.5833,-171.0,34.52,85,83
50,Kavieng,PG,2021-06-07 05:32:19,-2.5744,150.7967,82.98,72,26
51,Bethel,US,2021-06-07 05:32:19,41.3712,-73.414,75.63,78,73
52,Rikitea,PF,2021-06-07 05:32:19,-23.1203,-134.9692,76.59,86,100
53,Lekoni,GA,2021-06-07 05:32:20,-1.5843,14.2591,73.71,83,61
54,Korla,CN,2021-06-07 05:32:20,41.7597,86.1469,85.66,21,30
55,Bredasdorp,ZA,2021-06-07 05:32:20,-34.5322,20.0403,63.72,36,3
56,Vao,NC,2021-06-07 05:32:20,-22.6667,167.4833,69.39,65,39
57,Tasiilaq,GL,2021-06-07 05:32:21,65.6145,-37.6368,39.36,88,98
58,Kodinsk,RU,2021-06-07 05:32:21,58.6881,99.1844,55.67,92,100
59,Kodiak,US,2021-06-07 05:32:21,57.79,-152.4072,62.11,39,1
60,Cape Town,ZA,2021-06-07 05:27:54,-33.9258,18.4232,66.61,37,0
61,Lagunas,PE,2021-06-07 05:32:21,-5.2269,-75.6753,70.93,99,100
62,Miles City,US,2021-06-07 05:32:22,46.4083,-105.8406,65.37,29,1
63,Portland,US,2021-06-07 05:28:26,45.5234,-122.6762,55.44,68,20
64,Aqtobe,KZ,2021-06-07 05:32:22,50.2797,57.2072,77.09,22,0
65,Yomou,GN,2021-06-07 05:32:22,7.5603,-9.2653,70.81,99,72
66,Douala,CM,2021-06-07 05:32:23,4.0483,9.7043,75.11,100,75
67,Keti Bandar,PK,2021-06-07 05:32:23,24.1447,67.4497,88.47,62,71
68,Vaini,TO,2021-06-07 05:32:23,-21.2,-175.2,73.56,94,75
69,Puerto Ayora,EC,2021-06-07 05:32:23,-0.7393,-90.3518,71.55,98,36
70,Half Moon Bay,US,2021-06-07 05:30:02,37.4636,-122.4286,61.41,76,1
71,Plettenberg Bay,ZA,2021-06-07 05:32:24,-34.0527,23.3716,65.25,37,2
72,Trairi,BR,2021-06-07 05:28:22,-3.2778,-39.2689,76.41,86,7
73,Tiksi,RU,2021-06-07 05:32:24,71.6872,128.8694,42.8,69,100
74,Salina,US,2021-06-07 05:32:24,38.8403,-97.6114,71.73,81,1
75,Souillac,MU,2021-06-07 05:32:24,-20.5167,57.5167,78.37,73,40
76,Yellowknife,CA,2021-06-07 05:30:03,62.456,-114.3525,46.56,73,75
77,Sao Filipe,CV,2021-06-07 05:32:25,14.8961,-24.4956,73.08,79,6
78,Leningradskiy,RU,2021-06-07 05:32:25,69.3833,178.4167,42.53,71,6
79,Mhlume,SZ,2021-06-07 05:32:25,-26.0333,31.85,54.86,72,50
80,Hilton Head Island,US,2021-06-07 05:29:47,32.2163,-80.7526,80.65,91,90
81,Palizada,MX,2021-06-07 05:32:26,18.25,-92.0833,81.95,59,12
82,Garmsar,IR,2021-06-07 05:32:26,35.2182,52.3409,94.51,6,0
83,Bose,IT,2021-06-07 05:32:26,45.4612,8.0137,63.36,96,100
84,Comodoro Rivadavia,AR,2021-06-07 05:32:26,-45.8667,-67.5,53.46,43,0
85,Busselton,AU,2021-06-07 05:32:27,-33.65,115.3333,61.05,56,67
86,Muleba,TZ,2021-06-07 05:32:27,-1.8397,31.6544,70.95,64,7
87,Biu,NG,2021-06-07 05:32:27,10.6129,12.1946,74.28,73,95
88,Manado,ID,2021-06-07 05:32:27,1.487,124.8455,75.97,94,40
89,Bekhteyevka,RU,2021-06-07 05:32:28,50.8072,37.2085,59.9,83,18
90,Lagoa,PT,2021-06-07 05:32:28,39.05,-27.9833,63.52,91,100
91,Jamestown,US,2021-06-07 05:28:09,42.097,-79.2353,71.19,82,1
92,Port Elizabeth,ZA,2021-06-07 05:29:38,-33.918,25.5701,50.29,53,0
93,Hobart,AU,2021-06-07 05:32:28,-42.8794,147.3294,64.26,48,75
94,Cherskiy,RU,2021-06-07 05:32:28,68.75,161.3,60.69,48,74
95,Pingliang,CN,2021-06-07 05:32:29,35.5392,106.6861,84.63,24,37
96,Viedma,AR,2021-06-07 05:28:41,-40.8135,-62.9967,49.41,47,100
97,Monrovia,LR,2021-06-07 05:32:29,6.3005,-10.7969,74.97,84,99
98,Pacifica,US,2021-06-07 05:32:29,37.6138,-122.4869,61.21,81,1
99,Kathu,TH,2021-06-07 05:32:29,7.9178,98.3332,89.69,65,99
100,Tuktoyaktuk,CA,2021-06-07 05:32:30,69.4541,-133.0374,33.8,80,20
101,Emerald,AU,2021-06-07 05:32:30,-23.5333,148.1667,75.34,33,0
102,Wroclaw,PL,2021-06-07 05:31:54,51.1,17.0333,63.99,78,0
103,Evensk,RU,2021-06-07 05:28:41,61.95,159.2333,50.31,71,59
104,Awjilah,LY,2021-06-07 05:32:30,29.1081,21.2869,77.54,30,0
105,Hithadhoo,MV,2021-06-07 05:32:31,-0.6,73.0833,83.44,72,20
106,Nikolskoye,RU,2021-06-07 05:32:31,59.7035,30.7861,67.89,51,88
107,Lazaro Cardenas,MX,2021-06-07 05:28:21,17.9583,-102.2,81.21,79,94
108,Port-Cartier,CA,2021-06-07 05:32:31,50.0334,-66.8654,46.74,76,96
109,Ranfurly,NZ,2021-06-07 05:32:31,-45.1333,170.1,45.64,93,65
110,Severo-Yeniseyskiy,RU,2021-06-07 05:32:32,60.3725,93.0408,53.31,45,80
111,Guanare,VE,2021-06-07 05:32:32,9.0418,-69.7421,75.22,100,98
112,Bitung,ID,2021-06-07 05:32:32,1.4451,125.1824,76.05,76,85
113,Abashiri,JP,2021-06-07 05:32:32,44.0213,144.2697,70.09,64,20
114,Clyde River,CA,2021-06-07 05:32:33,70.4692,-68.5914,35.83,87,90
115,Mahon,ES,2021-06-07 05:32:33,39.8885,4.2658,63.16,94,0
116,Shimoda,JP,2021-06-07 05:32:33,34.6667,138.95,75.56,76,100
117,Ribeira Grande,PT,2021-06-07 05:32:33,38.5167,-28.7,65.01,92,100
118,Mataura,NZ,2021-06-07 05:32:34,-46.1927,168.8643,49.48,92,0
119,New Norfolk,AU,2021-06-07 05:32:34,-42.7826,147.0587,63.91,50,100
120,Barrow,US,2021-06-07 05:32:34,71.2906,-156.7887,30.22,93,90
121,Manaure,CO,2021-06-07 05:32:34,11.7751,-72.4445,79.95,76,100
122,Saskylakh,RU,2021-06-07 05:32:35,71.9167,114.0833,46.74,38,97
123,Mar Del Plata,AR,2021-06-07 05:32:35,-38.0023,-57.5575,51.13,68,0
124,Tautira,PF,2021-06-07 05:32:35,-17.7333,-149.15,80.62,69,5
125,Georgetown,MY,2021-06-07 05:31:30,5.4112,100.3354,88.9,71,40
126,Nome,US,2021-06-07 05:32:35,64.5011,-165.4064,35.67,80,90
127,Mahebourg,MU,2021-06-07 05:31:45,-20.4081,57.7,78.26,73,40
128,Asfi,MA,2021-06-07 05:32:36,32.2994,-9.2372,65.3,89,0
129,Bambous Virieux,MU,2021-06-07 05:32:36,-20.3428,57.7575,78.22,73,40
130,Haines Junction,CA,2021-06-07 05:32:36,60.7522,-137.5108,48.15,87,100
131,Lebu,CL,2021-06-07 05:32:36,-37.6167,-73.65,47.1,81,98
132,Camacha,PT,2021-06-07 05:32:37,33.0833,-16.3333,62.53,72,40
133,Igarka,RU,2021-06-07 05:32:37,67.4667,86.5833,38.88,67,100
134,Umm Bab,QA,2021-06-07 05:32:37,25.2142,50.8072,98.28,54,0
135,Eureka,US,2021-06-07 05:29:10,40.8021,-124.1637,53.58,77,100
136,Provideniya,RU,2021-06-07 05:32:37,64.3833,-173.3,39.31,70,90
137,Havre-Saint-Pierre,CA,2021-06-07 05:32:38,50.2334,-63.5986,43.16,87,90
138,Dikson,RU,2021-06-07 05:32:38,73.5069,80.5464,30.47,88,100
139,East London,ZA,2021-06-07 05:29:50,-33.0153,27.9116,63.54,39,0
140,Marsh Harbour,BS,2021-06-07 05:32:38,26.5412,-77.0636,78.28,78,100
141,Neftegorsk,RU,2021-06-07 05:32:38,52.802,51.166,65.68,47,24
142,Saint-Louis,SN,2021-06-07 05:32:39,16.3333,-15.0,77.4,52,5
143,Yar-Sale,RU,2021-06-07 05:32:39,66.8333,70.8333,42.19,52,95
144,Deputatskiy,RU,2021-06-07 05:32:39,69.3,139.9,49.57,46,92
145,Razvilnoye,RU,2021-06-07 05:32:39,46.2387,41.2987,64.42,73,100
146,Tadine,NC,2021-06-07 05:32:40,-21.55,167.8833,70.86,63,100
147,Qinzhou,CN,2021-06-07 05:32:40,21.95,108.6167,93.87,41,19
148,Lasa,IT,2021-06-07 05:32:40,46.6166,10.7002,59.88,86,100
149,Mildura,AU,2021-06-07 05:31:30,-34.2,142.15,64.36,42,26
150,Kemin,KG,2021-06-07 05:32:40,42.7846,75.6892,85.48,25,53
151,Khasan,RU,2021-06-07 05:32:41,42.4308,130.6434,62.89,73,32
152,Necochea,AR,2021-06-07 05:32:41,-38.5473,-58.7368,47.03,61,100
153,Avera,US,2021-06-07 05:32:41,33.194,-82.5271,73.27,96,100
154,Puerto Quijarro,BO,2021-06-07 05:32:41,-17.7833,-57.7667,74.95,55,67
155,Port Alfred,ZA,2021-06-07 05:32:42,-33.5906,26.891,61.95,38,0
156,Mwense,ZM,2021-06-07 05:32:42,-10.3845,28.698,64.0,62,14
157,Chippewa Falls,US,2021-06-07 05:30:03,44.9369,-91.3929,77.18,72,1
158,Atar,MR,2021-06-07 05:30:16,20.5169,-13.0499,86.14,19,7
159,Ust-Kuyga,RU,2021-06-07 05:32:42,70.0167,135.6,59.05,28,100
160,Conceicao Do Araguaia,BR,2021-06-07 05:32:43,-8.2578,-49.2647,75.33,78,0
161,Fortuna,US,2021-06-07 05:32:43,40.5982,-124.1573,53.33,53,100
162,Boralday,KZ,2021-06-07 05:32:43,43.3578,76.8594,84.06,24,40
163,Pokrovka,KG,2021-06-07 05:32:43,42.3414,78.0056,70.25,41,87
164,Malokakhovka,UA,2021-06-07 05:32:44,46.7814,33.4479,66.2,66,50
165,Wajid,SO,2021-06-07 05:32:44,3.8093,43.2471,79.97,61,28
166,Tuatapere,NZ,2021-06-07 05:32:44,-46.1333,167.6833,49.82,90,7
167,Sitka,US,2021-06-07 05:32:44,57.0531,-135.33,51.69,66,90
168,Kutum,SD,2021-06-07 05:32:45,14.2,24.6667,82.26,15,13
169,Clovis,US,2021-06-07 05:28:57,36.8252,-119.7029,78.69,42,20
170,Omboue,GA,2021-06-07 05:32:45,-1.5746,9.2618,75.38,95,91
171,Sorland,NO,2021-06-07 05:32:45,67.667,12.6934,51.87,97,99
172,Cayenne,GF,2021-06-07 05:32:45,4.9333,-52.3333,78.1,89,90
173,Cockburn Town,TC,2021-06-07 05:32:46,21.4612,-71.1419,79.83,77,6
174,Guaraniacu,BR,2021-06-07 05:30:06,-25.1008,-52.8781,55.89,99,88
175,Gijon,ES,2021-06-07 05:32:46,43.5357,-5.6615,60.26,81,45
176,Ixtapa,MX,2021-06-07 05:32:46,20.7,-105.2,80.22,78,23
177,Dromolaxia,CY,2021-06-07 05:32:46,34.8761,33.586,79.84,70,0
178,Qax,AZ,2021-06-07 05:32:47,41.4225,46.9242,59.99,72,56
179,Rincon De La Victoria,ES,2021-06-07 05:32:47,36.7172,-4.2758,70.36,72,5
180,Deer Lake,CA,2021-06-07 05:32:47,49.1667,-57.4316,40.86,93,75
181,Kahului,US,2021-06-07 05:29:56,20.8947,-156.47,77.85,77,40
182,Honiara,SB,2021-06-07 05:32:48,-9.4333,159.95,82.72,78,40
183,Chokurdakh,RU,2021-06-07 05:32:48,70.6333,147.9167,47.8,49,31
184,Santa Marta,CO,2021-06-07 05:28:09,11.2408,-74.199,84.97,72,100
185,Port Said,EG,2021-06-07 05:32:48,31.2565,32.2841,73.38,78,40
186,Abay,KZ,2021-06-07 05:32:48,49.6311,72.8539,71.98,26,47
187,Hailey,US,2021-06-07 05:32:49,43.5196,-114.3153,53.46,51,1
188,Ilulissat,GL,2021-06-07 05:32:49,69.2167,-51.1,35.62,87,0
189,Bilma,NE,2021-06-07 05:32:49,18.6853,12.9164,87.28,18,85
190,Paita,PE,2021-06-07 05:32:49,-5.0892,-81.1144,68.16,81,99
191,Atuona,PF,2021-06-07 05:32:50,-9.8,-139.0333,79.68,71,4
192,Redmond,US,2021-06-07 05:30:06,47.674,-122.1215,51.87,89,97
193,Ambilobe,MG,2021-06-07 05:32:50,-13.2,49.05,79.54,63,48
194,Torbay,CA,2021-06-07 05:32:50,47.6666,-52.7314,38.57,95,90
195,Constitucion,CL,2021-06-07 05:32:50,-35.3333,-72.4167,51.6,60,100
196,Jinxi,CN,2021-06-07 05:32:51,30.4323,116.2922,90.54,40,99
197,Tazovskiy,RU,2021-06-07 05:32:51,67.4667,78.7,36.91,66,87
198,San Patricio,US,2021-06-07 05:32:51,28.017,-97.5169,82.89,91,8
199,Pisco,PE,2021-06-07 05:32:51,-13.7,-76.2167,64.45,82,90
200,Niksar,TR,2021-06-07 05:32:52,40.5917,36.9517,59.22,59,43
201,San Quintin,MX,2021-06-07 05:32:52,30.4833,-115.95,68.43,80,44
202,Chuy,UY,2021-06-07 05:32:52,-33.6971,-53.4616,50.81,80,40
203,Kathmandu,NP,2021-06-07 05:29:54,27.7167,85.3167,84.42,51,20
204,Ostersund,SE,2021-06-07 05:32:52,63.1792,14.6357,54.61,94,75
205,Grindavik,IS,2021-06-07 05:32:53,63.8424,-22.4338,46.87,93,75
206,Harper,LR,2021-06-07 05:32:53,4.375,-7.7169,78.33,85,99
207,Port Lincoln,AU,2021-06-07 05:32:53,-34.7333,135.8667,57.6,69,63
208,Bonanza,NI,2021-06-07 05:32:53,14.0289,-84.591,70.9,99,32
209,Sept-Iles,CA,2021-06-07 05:30:10,50.2001,-66.3821,47.05,86,75
210,Neustadt,DE,2021-06-07 05:32:54,49.7117,12.0872,61.32,96,90
211,Ambanja,MG,2021-06-07 05:32:54,-13.6833,48.45,76.93,66,38
212,Fare,PF,2021-06-07 05:32:54,-16.7,-151.0167,80.91,77,30
213,Malpe,IN,2021-06-07 05:32:55,13.35,74.7167,87.1,69,15
214,Carovigno,IT,2021-06-07 05:32:55,40.708,17.655,69.98,63,27
215,Nelson Bay,AU,2021-06-07 05:28:06,-32.7167,152.15,67.75,73,85
216,Saint Simons,US,2021-06-07 05:32:55,31.1352,-81.3901,80.64,92,75
217,Sumbe,AO,2021-06-07 05:32:55,-11.2061,13.8437,73.36,77,12
218,Saint George,US,2021-06-07 05:32:05,37.1041,-113.5841,88.39,15,1
219,Ahipara,NZ,2021-06-07 05:32:56,-35.1667,173.1667,60.3,89,99
220,Camana,PE,2021-06-07 05:32:56,-16.6228,-72.7111,62.15,88,37
221,La Ronge,CA,2021-06-07 05:32:56,55.1001,-105.2842,50.25,76,75
222,Mayo,US,2021-06-07 05:32:56,38.8876,-76.5119,79.39,90,1
223,Sorong,ID,2021-06-07 05:32:57,-0.8833,131.25,83.3,75,88
224,Victoria,HK,2021-06-07 05:28:15,22.2855,114.1577,89.65,75,56
225,Kholbon,RU,2021-06-07 05:32:57,51.8833,116.25,86.67,18,16
226,Te Anau,NZ,2021-06-07 05:32:57,-45.4167,167.7167,42.76,90,1
227,Nizhniy Kuranakh,RU,2021-06-07 05:32:57,58.8353,125.4869,57.22,64,98
228,Atasu,KZ,2021-06-07 05:32:58,48.6814,71.6433,75.06,22,100
229,Labuhan,ID,2021-06-07 05:32:58,-6.8844,112.2051,88.12,60,94
230,Linkou,CN,2021-06-07 05:32:58,45.3,130.2833,72.81,51,14
231,Severo-Kurilsk,RU,2021-06-07 05:32:58,50.6789,156.125,42.93,93,100
232,Lamar,US,2021-06-07 05:32:59,33.6668,-95.5836,76.66,89,90
233,Milazzo,IT,2021-06-07 05:32:59,38.2212,15.2383,76.32,74,50
234,Rovaniemi,FI,2021-06-07 05:32:59,66.5,25.7167,60.21,55,0
235,Palmares,BR,2021-06-07 05:33:00,-8.6833,-35.5917,69.08,97,38
236,Arinos,BR,2021-06-07 05:33:00,-15.9169,-46.1056,67.1,65,96
237,Novyy Urengoy,RU,2021-06-07 05:33:00,66.0833,76.6333,44.31,39,92
238,Saint-Georges,GD,2021-06-07 05:33:00,12.0564,-61.7485,80.28,83,40
239,Geraldton,AU,2021-06-07 05:33:00,-28.7667,114.6,68.41,52,100
240,Chokwe,MZ,2021-06-07 05:33:01,-24.5333,32.9833,61.36,85,24
241,Oytal,KZ,2021-06-07 05:33:01,42.9057,73.2697,93.83,22,17
242,Yanam,IN,2021-06-07 05:33:01,16.7333,82.2167,91.8,42,35
243,Redwater,US,2021-06-07 05:30:02,33.3582,-94.2544,73.18,89,68
244,Muriti,TZ,2021-06-07 05:33:02,-1.9833,32.9167,71.37,67,23
245,Izhma,RU,2021-06-07 05:33:02,65.0083,53.9113,42.62,52,65
246,Atherton,GB,2021-06-07 05:33:02,53.5237,-2.4935,59.9,88,85
247,Bima,ID,2021-06-07 05:33:02,-8.4667,118.7167,84.65,72,36
248,Rassvet,RU,2021-06-07 05:33:03,46.8333,40.75,64.87,87,89
249,Kruisfontein,ZA,2021-06-07 05:33:04,-34.0033,24.7314,56.17,34,0
250,Acapulco,MX,2021-06-07 05:31:59,16.8634,-99.8901,82.92,80,100
251,Socorro,US,2021-06-07 05:30:59,31.6546,-106.3033,90.61,12,20
252,Ponta Do Sol,PT,2021-06-07 05:33:04,32.6667,-17.1,66.0,78,11
253,Charters Towers,AU,2021-06-07 05:33:05,-20.1,146.2667,69.4,65,80
254,Makakilo City,US,2021-06-07 05:33:05,21.3469,-158.0858,79.12,64,1
255,Serravalle,SM,2021-06-07 05:33:05,43.969,12.4817,66.6,85,75
256,Saldanha,ZA,2021-06-07 05:33:05,-33.0117,17.9442,68.05,38,27
257,Fairbanks,US,2021-06-07 05:28:50,64.8378,-147.7164,70.14,44,1
258,Topolobampo,MX,2021-06-07 05:33:06,25.6,-109.05,79.05,54,8
259,Faanui,PF,2021-06-07 05:33:06,-16.4833,-151.75,81.54,74,28
260,Sambava,MG,2021-06-07 05:33:06,-14.2667,50.1667,77.76,68,29
261,Port Hedland,AU,2021-06-07 05:33:06,-20.3167,118.5667,84.25,34,32
262,Baishishan,CN,2021-06-07 05:33:07,43.5833,127.5667,71.6,45,13
263,Owando,CG,2021-06-07 05:33:07,-0.4819,15.8999,71.8,92,100
264,Dehu,IN,2021-06-07 05:33:07,18.7167,73.7667,83.66,55,69
265,Stege,DK,2021-06-07 05:33:07,54.987,12.2846,66.6,78,98
266,San Ignacio,BZ,2021-06-07 05:33:08,17.1561,-89.0714,77.14,88,0
267,Dingle,PH,2021-06-07 05:33:08,10.9995,122.6711,87.75,63,100
268,Fairmount,US,2021-06-07 05:33:08,43.0473,-76.2385,73.27,81,20
269,Alto Araguaia,BR,2021-06-07 05:33:08,-17.3147,-53.2153,63.79,70,25
270,Nanzhou,CN,2021-06-07 05:33:09,29.3596,112.4024,88.81,51,74
271,Biak,ID,2021-06-07 05:33:09,-0.9131,122.8766,81.73,71,84
272,Hobyo,SO,2021-06-07 05:33:09,5.3505,48.5268,83.32,67,3
273,Kaitangata,NZ,2021-06-07 05:33:09,-46.2817,169.8464,47.1,90,1
274,Oussouye,SN,2021-06-07 05:33:10,12.485,-16.5469,76.1,89,86
275,Karratha,AU,2021-06-07 05:33:10,-20.7377,116.8463,82.09,36,21
276,Lagos,NG,2021-06-07 05:32:57,6.5833,3.75,77.32,95,99
277,Port Moresby,PG,2021-06-07 05:33:10,-9.4431,147.1797,83.62,74,75
278,Upernavik,GL,2021-06-07 05:33:10,72.7868,-56.1549,33.98,81,18
279,Taltal,CL,2021-06-07 05:33:11,-25.4,-70.4833,59.68,76,4
280,Baruun-Urt,MN,2021-06-07 05:28:58,46.6806,113.2792,79.97,32,70
281,Guaratinga,BR,2021-06-07 05:33:11,-16.5667,-39.5667,70.47,93,71
282,Kontagora,NG,2021-06-07 05:33:11,10.3999,5.4695,73.0,91,71
283,Luba,GQ,2021-06-07 05:33:11,3.4568,8.5547,73.29,80,97
284,Lorengau,PG,2021-06-07 05:29:15,-2.0226,147.2712,83.07,72,40
285,Aklavik,CA,2021-06-07 05:33:12,68.2191,-135.0107,43.52,53,9
286,Mount Isa,AU,2021-06-07 05:33:12,-20.7333,139.5,78.57,25,0
287,Guerrero Negro,MX,2021-06-07 05:33:12,27.9769,-114.0611,61.88,80,92
288,Beringovskiy,RU,2021-06-07 05:33:13,63.05,179.3167,34.47,99,100
289,Pevek,RU,2021-06-07 05:33:13,69.7008,170.3133,52.47,58,3
290,Puerto Baquerizo Moreno,EC,2021-06-07 05:33:13,-0.9,-89.6,73.27,80,74
291,Xichang,CN,2021-06-07 05:33:13,27.8964,102.2634,71.38,78,99
292,Okhotsk,RU,2021-06-07 05:33:14,59.3833,143.3,46.85,80,100
293,Alegrete,BR,2021-06-07 05:33:14,-29.7831,-55.7919,54.25,82,66
294,Ust-Kut,RU,2021-06-07 05:33:14,56.7938,105.7672,68.95,34,36
295,Quatre Cocos,MU,2021-06-07 05:33:14,-20.2078,57.7625,78.1,75,57
296,Pouembout,NC,2021-06-07 05:33:15,-21.1333,164.9,71.22,64,85
297,Kailua,US,2021-06-07 05:33:15,21.4022,-157.7394,80.58,67,75
298,Itapaci,BR,2021-06-07 05:33:15,-14.9508,-49.5494,66.88,62,86
299,Lewisporte,CA,2021-06-07 05:33:15,49.2499,-55.0482,41.13,76,99
300,Bela,IN,2021-06-07 05:33:16,25.9333,81.9833,107.06,20,29
301,Olafsvik,IS,2021-06-07 05:33:16,64.8945,-23.7142,46.26,90,100
302,Yeppoon,AU,2021-06-07 05:33:16,-23.1333,150.7333,74.98,74,43
303,Coquimbo,CL,2021-06-07 05:32:23,-29.9533,-71.3436,55.13,87,90
304,Teguise,ES,2021-06-07 05:33:16,29.0605,-13.564,64.62,77,20
305,Livezi,RO,2021-06-07 05:33:17,44.85,23.8167,67.68,72,14
306,Rio Grande,BR,2021-06-07 05:33:17,-32.035,-52.0986,57.36,78,7
307,Hohhot,CN,2021-06-07 05:33:17,40.8106,111.6522,88.27,26,0
308,Ketchikan,US,2021-06-07 05:33:17,55.3422,-131.6461,50.47,87,75
309,Vila Franca Do Campo,PT,2021-06-07 05:33:18,37.7167,-25.4333,63.01,90,100
310,Panguna,PG,2021-06-07 05:33:18,-6.3164,155.4848,75.31,87,47
311,Vanimo,PG,2021-06-07 05:33:18,-2.6741,141.3028,81.19,86,90
312,Bathsheba,BB,2021-06-07 05:33:18,13.2167,-59.5167,81.21,65,40
313,Bilibino,RU,2021-06-07 05:33:19,68.0546,166.4372,69.19,37,57
314,Ati,TD,2021-06-07 05:33:19,13.2154,18.3353,88.36,39,53
315,Pontian Kecil,MY,2021-06-07 05:33:19,1.4801,103.3899,87.84,62,37
316,Ekangala,ZA,2021-06-07 05:33:19,-25.6962,28.7492,41.0,74,2
317,Krasnoselkup,RU,2021-06-07 05:33:20,65.7,82.4667,40.05,57,97
318,Ostrovnoy,RU,2021-06-07 05:33:20,68.0531,39.5131,42.1,65,28
319,Seddon,AU,2021-06-07 05:33:20,-37.8068,144.8916,64.35,61,40
320,Satuk,TR,2021-06-07 05:33:21,41.2263,32.3836,55.18,45,59
321,Balkhash,KZ,2021-06-07 05:33:21,46.844,74.9804,77.61,15,0
322,Ancud,CL,2021-06-07 05:33:21,-41.8697,-73.8203,53.22,89,100
323,Veraval,IN,2021-06-07 05:33:21,20.9,70.3667,88.77,58,22
324,Deep River,CA,2021-06-07 05:29:33,46.1001,-77.4995,69.55,93,62
325,Iqaluit,CA,2021-06-07 05:30:12,63.7506,-68.5145,31.73,93,90
326,Qaqortoq,GL,2021-06-07 05:33:22,60.7167,-46.0333,55.9,75,100
327,Tanout,NE,2021-06-07 05:33:22,14.9709,8.8879,82.81,38,37
328,Flinders,AU,2021-06-07 05:31:04,-34.5833,150.8552,69.19,58,100
329,Mehamn,NO,2021-06-07 05:33:22,71.0357,27.8492,44.78,51,0
330,Yumen,CN,2021-06-07 05:33:22,40.2833,97.2,75.38,12,85
331,Pocatello,US,2021-06-07 05:33:23,42.8713,-112.4455,60.71,37,1
332,Namibe,AO,2021-06-07 05:33:23,-15.1961,12.1522,74.64,42,6
333,Sola,VU,2021-06-07 05:33:23,-13.8833,167.55,79.84,77,82
334,Madimba,TZ,2021-06-07 05:33:23,-10.4,40.3333,72.73,67,1
335,Kamaishi,JP,2021-06-07 05:33:24,39.2667,141.8833,81.55,58,88
336,Karpathos,GR,2021-06-07 05:33:24,35.507,27.2132,71.56,88,0
337,Narsaq,GL,2021-06-07 05:33:24,60.9167,-46.05,55.62,68,100
338,Ballyshannon,IE,2021-06-07 05:33:24,54.5,-8.1833,49.6,86,88
339,Huarmey,PE,2021-06-07 05:33:25,-10.0681,-78.1522,64.11,86,88
340,Muyezerskiy,RU,2021-06-07 05:33:25,63.9333,31.65,51.4,45,100
341,Praia,CV,2021-06-07 05:33:25,14.9215,-23.5087,75.74,57,0
342,Darhan,MN,2021-06-07 05:33:25,49.4867,105.9228,46.54,89,100
343,Zhumadian,CN,2021-06-07 05:33:26,32.9794,114.0294,99.27,20,74
344,Bon Accord,CA,2021-06-07 05:33:26,53.8335,-113.4187,58.55,68,40
345,Longyearbyen,SJ,2021-06-07 05:33:26,78.2186,15.6401,35.44,87,75
346,Almeirim,BR,2021-06-07 05:33:26,-1.5233,-52.5817,73.47,94,56
347,Nanortalik,GL,2021-06-07 05:33:27,60.1432,-45.2371,40.73,82,100
348,Grand Gaube,MU,2021-06-07 05:33:27,-20.0064,57.6608,78.39,73,18
349,Ouahigouya,BF,2021-06-07 05:33:27,13.5828,-2.4216,84.54,45,37
350,Calbuco,CL,2021-06-07 05:33:27,-41.768,-73.1273,49.21,78,100
351,Weihe,CN,2021-06-07 05:33:28,32.9952,105.3247,80.04,44,100
352,Kudahuvadhoo,MV,2021-06-07 05:33:28,2.6708,72.8944,83.39,71,49
353,Bandarbeyla,SO,2021-06-07 05:33:28,9.4942,50.8122,88.03,55,1
354,Bairiki,KI,2021-06-07 05:33:28,1.3292,172.9752,84.2,70,75
355,Athabasca,CA,2021-06-07 05:33:29,54.7169,-113.2854,56.89,67,17
356,Lutkun,RU,2021-06-07 05:33:29,41.4808,47.6858,60.6,80,26
357,Sao Joao Da Barra,BR,2021-06-07 05:33:29,-21.6403,-41.0511,71.13,89,100
358,San Cristobal,VE,2021-06-07 05:33:29,7.7669,-72.225,65.32,98,100
359,Ipixuna,BR,2021-06-07 05:33:30,-1.7625,-48.8043,76.95,91,81
360,Penzance,GB,2021-06-07 05:33:30,50.1186,-5.5371,52.77,92,100
361,Norman Wells,CA,2021-06-07 05:33:30,65.282,-126.8329,50.04,71,75
362,Ulaangom,MN,2021-06-07 05:31:52,49.9811,92.0667,62.89,31,3
363,Manokwari,ID,2021-06-07 05:33:30,-0.8667,134.0833,81.9,76,100
364,Aripuana,BR,2021-06-07 05:33:31,-9.1667,-60.6333,74.32,80,100
365,Ramshir,IR,2021-06-07 05:33:31,30.8946,49.4092,109.26,5,0
366,Aquiraz,BR,2021-06-07 05:33:31,-3.9014,-38.3911,78.89,90,21
367,Maragogi,BR,2021-06-07 05:33:31,-9.0122,-35.2225,74.25,87,46
368,Salalah,OM,2021-06-07 05:33:32,17.0151,54.0924,86.09,84,75
369,Mount Gambier,AU,2021-06-07 05:33:32,-37.8333,140.7667,64.31,52,99
370,Mahanoro,MG,2021-06-07 05:33:32,-19.9,48.8,68.79,85,76
371,Meulaboh,ID,2021-06-07 05:33:32,4.1363,96.1285,85.28,63,100
372,Ossora,RU,2021-06-07 05:33:33,59.2353,163.0719,41.81,89,100
373,Broome,US,2021-06-07 05:33:33,42.2506,-75.833,70.68,81,35
374,Corinto,GR,2021-06-07 05:33:33,37.9407,22.9573,78.49,63,12
375,Anderson,US,2021-06-07 05:33:33,34.5334,-82.6499,74.21,93,1
376,Touros,BR,2021-06-07 05:33:34,-5.1989,-35.4608,74.3,86,61
377,Hambantota,LK,2021-06-07 05:29:11,6.1241,81.1185,89.94,66,20
378,Jakar,BT,2021-06-07 05:33:34,27.5492,90.7525,65.91,84,96
379,Noumea,NC,2021-06-07 05:30:03,-22.2763,166.4572,73.0,99,73
380,Banjar,ID,2021-06-07 05:33:34,-8.19,114.9675,85.86,64,44
381,Clinton,US,2021-06-07 05:33:34,42.587,-82.9199,79.12,76,75
382,Soyo,AO,2021-06-07 05:33:35,-6.1349,12.3689,74.68,90,17
383,Walvis Bay,NA,2021-06-07 05:33:35,-22.9575,14.5053,66.7,41,0
384,Araouane,ML,2021-06-07 05:33:35,18.9048,-3.5265,90.01,21,0
385,Mandalgovi,MN,2021-06-07 05:33:35,45.7625,106.2708,56.97,43,0
386,Vila Velha,BR,2021-06-07 05:33:36,-20.3297,-40.2925,69.94,94,0
387,Desaguadero,PE,2021-06-07 05:33:36,-16.5656,-69.0417,37.63,37,25
388,Whitehorse,CA,2021-06-07 05:33:36,60.7161,-135.0538,52.57,66,75
389,Segou,ML,2021-06-07 05:33:36,13.4317,-6.2157,87.66,41,3
390,Rawson,AR,2021-06-07 05:33:37,-43.3002,-65.1023,46.31,63,62
391,Augusto Correa,BR,2021-06-07 05:33:37,-1.0217,-46.635,73.26,96,36
392,Jutai,BR,2021-06-07 05:33:37,-5.1833,-68.9,71.55,99,96
393,Chegutu,ZW,2021-06-07 05:33:37,-18.1302,30.1407,51.46,77,81
394,Nenjiang,CN,2021-06-07 05:33:38,49.1833,125.2167,75.51,41,33
395,Todos Santos,MX,2021-06-07 05:33:38,23.45,-110.2167,83.89,85,35
396,Tiznit,MA,2021-06-07 05:33:38,29.5833,-9.5,67.26,65,94
397,Poum,NC,2021-06-07 05:33:38,-20.2333,164.0167,73.74,60,99
398,Shannon,IE,2021-06-07 05:33:39,52.7039,-8.8642,48.2,87,0
399,Okha,RU,2021-06-07 05:33:39,53.5739,142.9478,38.01,95,100
400,Shahrud,IR,2021-06-07 05:33:39,36.4182,54.9763,78.6,32,0
401,Gramoteino,RU,2021-06-07 05:33:39,54.5368,86.3839,69.6,62,11
402,Coffs Harbour,AU,2021-06-07 05:31:51,-30.3,153.1333,69.76,59,15
403,Praia Da Vitoria,PT,2021-06-07 05:33:40,38.7333,-27.0667,63.75,88,40
404,Gat,IL,2021-06-07 05:29:15,31.61,34.7642,74.08,100,0
405,Fernandina Beach,US,2021-06-07 05:29:50,30.6697,-81.4626,80.69,88,90
406,Itarema,BR,2021-06-07 05:33:40,-2.9248,-39.9167,75.58,88,14
407,Nieuw Amsterdam,SR,2021-06-07 05:33:40,5.8833,-55.0833,76.01,94,100
408,Conde,BR,2021-06-07 05:33:41,-7.2597,-34.9075,74.66,88,75
409,Ouallam,NE,2021-06-07 05:33:41,14.3188,2.0866,84.33,44,50
410,Laguna,US,2021-06-07 05:33:41,38.421,-121.4238,73.9,51,1
411,Khiri Mat,TH,2021-06-07 05:33:41,16.8333,99.8,93.94,50,100
412,Methoni,GR,2021-06-07 05:33:42,36.8197,21.7049,71.46,61,16
413,Rocha,UY,2021-06-07 05:33:42,-34.4833,-54.3333,44.76,90,81
414,Pasinler,TR,2021-06-07 05:33:42,39.9803,41.6764,52.79,50,0
415,Roebourne,AU,2021-06-07 05:33:42,-20.7833,117.1333,81.52,37,55
416,Manbij,SY,2021-06-07 05:33:43,36.5281,37.9549,77.77,29,0
417,Churapcha,RU,2021-06-07 05:33:43,62.0025,132.4325,62.73,51,91
418,Sur,OM,2021-06-07 05:33:43,22.5667,59.5289,92.03,55,0
419,Yatou,CN,2021-06-07 05:33:44,37.15,122.3833,75.45,64,98
420,Inhambane,MZ,2021-06-07 05:33:44,-23.865,35.3833,67.98,73,20
421,Green River,US,2021-06-07 05:33:44,41.5286,-109.4662,74.19,27,25
422,Xinyu,CN,2021-06-07 05:33:44,27.8043,114.9334,90.03,51,73
423,Dalnerechensk,RU,2021-06-07 05:33:45,45.9339,133.7225,73.15,56,6
424,Rio Cuarto,AR,2021-06-07 05:31:55,-33.1307,-64.3499,36.84,72,67
425,Vilyuysk,RU,2021-06-07 05:33:45,63.7553,121.6247,60.24,25,69
426,Pucallpa,PE,2021-06-07 05:33:45,-8.3791,-74.5539,71.83,99,70
427,Beroroha,MG,2021-06-07 05:33:45,-21.6667,45.1667,72.48,50,11
428,Saint-Pierre,RE,2021-06-07 05:33:46,-21.3393,55.4781,74.84,85,90
429,Daru,PG,2021-06-07 05:33:46,-9.0763,143.2092,78.1,89,94
430,Trotwood,US,2021-06-07 05:30:38,39.7973,-84.3113,72.75,90,100
431,Hamilton,US,2021-06-07 05:31:45,39.1834,-84.5333,72.45,93,75
432,Lahaina,US,2021-06-07 05:31:05,20.8783,-156.6825,77.0,85,19
433,Windhoek,NA,2021-06-07 05:33:46,-22.5594,17.0832,45.1,70,0
434,Kaltasy,RU,2021-06-07 05:33:46,55.9693,54.8032,71.02,51,4
435,Ginda,IN,2021-06-07 05:33:47,30.6945,78.4932,83.19,32,4
436,Kuah,MY,2021-06-07 05:33:47,6.3265,99.8432,87.8,74,20
437,Medea,DZ,2021-06-07 05:33:47,36.2642,2.7539,54.05,74,0
438,Naze,JP,2021-06-07 05:33:47,28.3667,129.4833,76.12,89,100
439,Havoysund,NO,2021-06-07 05:33:48,70.9963,24.6622,54.48,57,12
440,Olinda,BR,2021-06-07 05:31:15,-8.0089,-34.8553,71.33,88,40
441,Camopi,GF,2021-06-07 05:33:48,3.1655,-52.3158,70.65,99,93
442,Sao Borja,BR,2021-06-07 05:33:48,-28.6606,-56.0044,59.02,92,100
443,Bembibre,ES,2021-06-07 05:33:48,42.6177,-6.4155,59.14,83,94
444,Udachnyy,RU,2021-06-07 05:33:49,66.4167,112.4,41.18,87,86
445,Husavik,IS,2021-06-07 05:33:49,66.0449,-17.3389,48.11,68,26
446,Ucluelet,CA,2021-06-07 05:29:30,48.9329,-125.5528,50.09,84,86
447,Taggia,IT,2021-06-07 05:33:49,43.8485,7.8545,67.87,88,9
448,Richards Bay,ZA,2021-06-07 05:33:49,-28.783,32.0377,58.96,76,1
449,Villa Bruzual,VE,2021-06-07 05:33:50,9.3328,-69.1208,70.39,93,95
450,Hualmay,PE,2021-06-07 05:33:50,-11.0964,-77.6139,62.62,86,43
451,Lata,PT,2021-06-07 05:33:50,40.1629,-8.3327,59.81,89,7
452,Palmer,US,2021-06-07 05:33:50,42.1584,-72.3287,73.85,78,1
453,Bucerias,MX,2021-06-07 05:32:36,20.75,-105.3333,80.98,78,28
454,Tutoia,BR,2021-06-07 05:33:51,-2.7619,-42.2744,77.92,82,14
455,Wajima,JP,2021-06-07 05:33:51,37.4,136.9,83.08,41,0
456,Klaksvik,FO,2021-06-07 05:33:51,62.2266,-6.589,49.12,87,100
457,Buraydah,SA,2021-06-07 05:33:52,26.326,43.975,93.65,9,19
458,Vardo,NO,2021-06-07 05:33:52,70.3705,31.1107,44.8,70,0
459,Dharchula,IN,2021-06-07 05:33:52,29.85,80.5333,87.08,41,26
460,Witney,GB,2021-06-07 05:33:49,51.7836,-1.4854,60.03,88,75
461,Wanlaweyn,SO,2021-06-07 05:33:52,2.6185,44.8938,83.48,63,52
462,Kita,ML,2021-06-07 05:33:53,13.0349,-9.4895,83.17,44,57
463,Mahajanga,MG,2021-06-07 05:33:53,-15.7167,46.3167,77.02,50,20
464,Ayan,RU,2021-06-07 05:33:53,56.45,138.1667,42.31,90,86
465,Mount Pleasant,US,2021-06-07 05:33:53,32.7941,-79.8626,79.0,94,90
466,Matay,EG,2021-06-07 05:33:54,28.419,30.7792,73.53,44,5
467,Gejiu,CN,2021-06-07 05:33:54,23.306,103.1635,67.57,78,91
468,Taonan,CN,2021-06-07 05:33:54,45.3333,122.7833,82.36,24,1
469,Mantua,IT,2021-06-07 05:33:54,45.1667,10.7833,68.95,89,75
470,Iglesias,IT,2021-06-07 05:33:55,39.3114,8.535,63.75,75,2
471,Zimmi,SL,2021-06-07 05:33:55,7.3153,-11.3061,73.58,98,100
472,Paamiut,GL,2021-06-07 05:33:55,61.994,-49.6678,38.23,96,100
473,Uaua,BR,2021-06-07 05:33:55,-9.8414,-39.4817,64.76,95,70
474,Masuguru,TZ,2021-06-07 05:33:56,-11.3667,38.4167,70.18,68,0
475,Nueva Gerona,CU,2021-06-07 05:33:56,21.8833,-82.8,81.19,78,64
476,Cutro,IT,2021-06-07 05:33:56,39.0353,16.9819,64.38,57,24
477,Krasni Okny,UA,2021-06-07 05:33:56,47.5404,29.46,64.74,70,13
478,Beaufort,MY,2021-06-07 05:33:57,5.3473,115.7455,89.76,53,71
479,Moose Factory,CA,2021-06-07 05:33:57,51.2585,-80.6094,80.6,57,75
480,Kungurtug,RU,2021-06-07 05:33:57,50.5994,97.5228,54.9,38,77
481,Mongo,TD,2021-06-07 05:33:57,12.1844,18.693,87.33,42,77
482,Pemba,MZ,2021-06-07 05:33:58,-12.974,40.5178,74.08,66,1
483,Edendale,ZA,2021-06-07 05:33:58,-29.6528,30.3147,45.63,69,0
484,Belgorod,RU,2021-06-07 05:33:58,50.61,36.58,59.63,94,75
485,Bom Jesus,BR,2021-06-07 05:33:58,-9.0744,-44.3586,65.84,55,98
486,Kendari,ID,2021-06-07 05:33:59,-3.945,122.4989,85.51,61,67
487,Trofors,NO,2021-06-07 05:33:59,65.5333,13.4063,53.06,87,100
488,Alyangula,AU,2021-06-07 05:33:59,-13.8483,136.4192,85.87,54,75
489,Kanniyakumari,IN,2021-06-07 05:33:59,8.0833,77.5667,85.42,72,29
490,Tombouctou,ML,2021-06-07 05:34:00,20.0,-3.0,91.56,19,2
491,Tumkur,IN,2021-06-07 05:34:00,13.3422,77.1017,84.43,52,49
492,La Cruz,MX,2021-06-07 05:34:00,23.9167,-106.9,77.47,91,29
493,Chernyshevskiy,RU,2021-06-07 05:34:00,63.0128,112.4714,53.2,27,70
494,Beyneu,KZ,2021-06-07 05:34:01,45.3167,55.2,78.98,34,33
495,Arkhara,RU,2021-06-07 05:33:12,49.4212,130.0842,74.41,48,59
496,Dawei,MM,2021-06-07 05:34:01,14.0833,98.2,76.5,94,100
497,Pandan Niog,PH,2021-06-07 05:34:01,6.2282,120.5631,84.38,69,48
498,Yukamenskoye,RU,2021-06-07 05:34:02,57.8865,52.2416,71.53,51,8
499,Seoul,KR,2021-06-07 05:31:00,37.5683,126.9778,76.51,64,75
500,Tigil,RU,2021-06-07 05:34:02,57.8,158.6667,50.74,80,95
501,Vanino,RU,2021-06-07 05:34:02,49.0869,140.2543,55.11,66,83
502,Kismayo,SO,2021-06-07 05:34:02,-0.3582,42.5454,80.2,75,68
503,Rolla,US,2021-06-07 05:34:03,37.9514,-91.7713,70.52,91,90
504,Yen Bai,VN,2021-06-07 05:34:03,21.7,104.8667,82.87,83,100
505,Santa Isabel Do Rio Negro,BR,2021-06-07 05:34:03,-0.4139,-65.0192,77.23,81,95
506,Guadalupe Y Calvo,MX,2021-06-07 05:31:25,26.1,-106.9667,53.92,67,15
507,Leh,IN,2021-06-07 05:34:04,34.1667,77.5833,58.57,16,0
508,Srednekolymsk,RU,2021-06-07 05:34:04,67.45,153.6833,53.33,49,88
509,Keratea,GR,2021-06-07 05:34:04,37.8073,23.9769,77.72,46,0
510,Vaitape,PF,2021-06-07 05:34:04,-16.5167,-151.75,81.48,75,27
511,Dobrinka,RU,2021-06-07 05:34:05,52.1653,40.4731,63.86,78,61
512,Snellville,US,2021-06-07 05:30:02,33.8573,-84.0199,72.52,93,75
513,Hasaki,JP,2021-06-07 05:34:05,35.7333,140.8333,82.29,68,100
514,Toora-Khem,RU,2021-06-07 05:34:05,52.4675,96.11,58.1,47,95
515,Gainesville,US,2021-06-07 05:32:04,29.6516,-82.3248,74.07,94,1
516,Anadyr,RU,2021-06-07 05:34:05,64.75,177.4833,43.3,60,20
517,Nuevo Laredo,MX,2021-06-07 05:34:06,27.4763,-99.5164,84.83,84,1
518,Axim,GH,2021-06-07 05:34:06,4.8699,-2.2405,77.41,87,26
519,Sayyan,YE,2021-06-07 05:34:06,15.1718,44.3244,74.44,18,12
520,Kattivakkam,IN,2021-06-07 05:34:07,13.2167,80.3167,95.07,63,72
521,Wageningen,NL,2021-06-07 05:34:07,51.9667,5.6667,60.89,82,4
522,Umm Lajj,SA,2021-06-07 05:34:07,25.0213,37.2685,86.63,48,1
523,San Carlos De Bariloche,AR,2021-06-07 05:30:56,-41.1456,-71.3082,40.75,70,75
524,Shakawe,BW,2021-06-07 05:34:07,-18.3667,21.85,48.96,70,3
525,Yershov,RU,2021-06-07 05:34:08,51.3513,48.2766,69.66,63,41
526,Maputo,MZ,2021-06-07 05:29:22,-25.9653,32.5892,60.22,89,75
527,Pauini,BR,2021-06-07 05:34:08,-7.7136,-66.9764,71.28,99,94
528,Gari,RU,2021-06-07 05:34:08,59.4307,62.3497,69.33,39,28
529,Batagay-Alyta,RU,2021-06-07 05:34:08,67.8006,130.4114,50.95,51,100
530,Gilbues,BR,2021-06-07 05:34:09,-9.8317,-45.3439,66.99,53,98
531,Ponta Delgada,PT,2021-06-07 05:34:09,37.7333,-25.6667,63.32,88,40
532,Alofi,NU,2021-06-07 05:34:09,-19.0595,-169.9187,75.09,78,7
533,Dolinsk,RU,2021-06-07 05:34:09,47.35,142.8,69.66,62,52
534,Bahia Blanca,AR,2021-06-07 05:34:10,-38.7196,-62.2724,51.64,45,100
535,San Rafael Del Sur,NI,2021-06-07 05:34:10,11.8485,-86.4384,77.97,74,21
536,Bolshaya Glushitsa,RU,2021-06-07 05:34:10,50.2406,43.5908,66.7,71,67
537,Codrington,AU,2021-06-07 05:34:11,-38.2667,141.9667,64.49,48,86
538,Mitu,CO,2021-06-07 05:33:20,1.1983,-70.1733,70.86,99,100
539,Alice Springs,AU,2021-06-07 05:34:11,-23.7,133.8833,74.21,21,38
540,Derbent,RU,2021-06-07 05:34:11,42.0678,48.2899,67.28,75,68
541,Lompoc,US,2021-06-07 05:31:08,34.6391,-120.4579,58.68,80,90
542,Guilin,CN,2021-06-07 05:34:11,25.2819,110.2864,91.51,44,47
543,Plaster Rock,CA,2021-06-07 05:34:12,46.9065,-67.39,66.72,98,54
544,San Policarpo,PH,2021-06-07 05:34:12,12.1791,125.5072,83.55,74,93
545,Santa Fe,AR,2021-06-07 05:34:12,-31.6333,-60.7,48.99,76,6
546,College,US,2021-06-07 05:34:12,64.8569,-147.8028,70.12,45,40
547,Dourbali,TD,2021-06-07 05:34:13,11.8091,15.8632,84.76,46,91
548,Sampit,ID,2021-06-07 05:34:13,-2.5333,112.95,93.15,46,63
549,Grootfontein,NA,2021-06-07 05:34:13,-19.5667,18.1167,42.37,75,0
550,Virpur,IN,2021-06-07 05:34:13,23.1833,73.4833,98.38,39,16
551,Lamu,KE,2021-06-07 05:34:14,-2.2717,40.902,78.19,80,27
552,Bend,US,2021-06-07 05:34:13,44.0582,-121.3153,49.28,55,1
553,San Luis,AR,2021-06-07 05:31:04,-33.295,-66.3356,47.8,54,84
554,Tecoman,MX,2021-06-07 05:34:14,18.9167,-103.8833,77.7,78,26
555,Arlit,NE,2021-06-07 05:29:28,18.7369,7.3853,87.76,14,89
556,Bonfim,BR,2021-06-07 05:34:14,3.0833,-59.95,74.7,86,50
557,Kosonsoy,UZ,2021-06-07 05:34:14,41.2561,71.5508,90.16,23,26
